{
  "digestAlgorithm": "sha512",
  "fixity": {
    "md5": {
      "184f84e28cbe75e050e9c25ea7f2e939": [
        "v1/content/foo/bar.xml"
      ],
      "c289c8ccd4bab6e385f5afdd89b5bda2": [
        "v1/content/image.tiff"
      ],
      "d41d8cd98f00b204e9800998ecf8427e": [
        "v1/content/empty.txt"
      ]
    },
    "sha1": {
      "66709b068a2faead97113559db78ccd44712cbf2": [
        "v1/content/foo/bar.xml"
      ],
      "b9c7ccc6154974288132b63c15db8d2750716b49": [
        "v1/content/image.tiff"
      ],
      "da39a3ee5e6b4b0d3255bfef95601890afd80709": [
        "v1/content/empty.txt"
      ]
    }
  },
  "head": "v1",
  "id": "ark:/12345/bcd987",
  "manifest": {
    "7dcc352f96c56dc5b094b2492c2866afeb12136a78f0143431ae247d02f02497bbd733e0536d34ec9703eba14c6017ea9f5738322c1d43169f8c77785947ac31": [
      "v1/content/foo/bar.xml"
    ],
    "cf83e1357eefb8bdf1542850d66d8007d620e4050b5715dc83f4a921d36ce9ce47d0d13c5d85f2b0ff8318d2877eec2f63b931bd47417a81a538327af927da3e": [
      "v1/content/empty.txt"
    ],
    "ffccf6baa21809716f31563fafb9f333c09c336bb7400088f17e4ff307f98fc9b14a577f92f3285913b7f53a6d5cf004503cf839aada1c885ac69336cbfb862e": [
      "v1/content/image.tiff"
    ]
  },
  "type": "https://ocfl.io/1.0/spec/#inventory",
  "versions": {
    "v1": {
      "created": "2018-01-01T01:01:01Z",
      "message": "Initial import",
      "state": {
        "7dcc352f96c56dc5b094b2492c2866afeb12136a78f0143431ae247d02f02497bbd733e0536d34ec9703eba14c6017ea9f5738322c1d43169f8c77785947ac31": [
          "foo/bar.xml"
        ],
        "cf83e1357eefb8bdf1542850d66d8007d620e4050b5715dc83f4a921d36ce9ce47d0d13c5d85f2b0ff8318d2877eec2f63b931bd47417a81a538327af927da3e": [
          "empty.txt"
        ],
        "ffccf6baa21809716f31563fafb9f333c09c336bb7400088f17e4ff307f98fc9b14a577f92f3285913b7f53a6d5cf004503cf839aada1c885ac69336cbfb862e": [
          "image.tiff"
        ]
      },
      "user": {
        "address": "mailto:alice@example.com",
        "name": "Alice"
      }
    }
  }
}