{
  "digestAlgorithm": "sha512",
  "head": "v1",
  "id": "http://example.org/ten_level_deep_directories",
  "manifest": {
    "17a90e893c3bd2be9be1a9b3452408b53dc46f82e6aa18d5d9f7d3a06eed7b5f6206bf44ce69e6d3ab80d565f75340fd9d9a5863f57cb0942836a76b16c38914": [
      "v1/content/file_in_root.txt"
    ],
    "87d3ff14e6138adc529a4efeb2ef04ab7718215e73acaf1e963be5f324fbd79067d0e797e8af540fbafe21b23b141e3248d5d953ec3bddba56a209165d3f8917": [
      "v1/content/dir1/dir2/dir3/dir4/dir5/dir6/dir7/dir8/dir9/dir10/file_in_dir10.txt"
    ]
  },
  "type": "https://ocfl.io/1.0/spec/#inventory",
  "versions": {
    "v1": {
      "created": "2020-08-03T16:00:00Z",
      "message": "Object with deep directory nesting",
      "state": {
        "17a90e893c3bd2be9be1a9b3452408b53dc46f82e6aa18d5d9f7d3a06eed7b5f6206bf44ce69e6d3ab80d565f75340fd9d9a5863f57cb0942836a76b16c38914": [
          "file_in_root.txt"
        ],
        "87d3ff14e6138adc529a4efeb2ef04ab7718215e73acaf1e963be5f324fbd79067d0e797e8af540fbafe21b23b141e3248d5d953ec3bddba56a209165d3f8917": [
          "dir1/dir2/dir3/dir4/dir5/dir6/dir7/dir8/dir9/dir10/file_in_dir10.txt"
        ]
      },
      "user": {
        "address": "mailto:a_person@example.org",
        "name": "A Person"
      }
    }
  }
}