{
  "id": "info:bb123cd4567",
  "head": "v2",
  "type": "https://ocfl.io/1.0/spec/#inventory",
  "digestAlgorithm": "sha512",
  "contentDirectory": "content",
  "manifest": {
    "69f54f2e9f4568f7df4a4c3b07e4cbda4ba3bba7913c5218add6dea891817a80ce829b877d7a84ce47f93cbad8aa522bf7dd8eda2778e16bdf3c47cf49ee3bdf": [
      "v1/content/my_content/poe.txt"
    ]
  },
  "versions": {
    "v1": {
      "created": "2020-01-01T03:03:03Z",
      "message": "First version",
      "user": {
        "name": "Yog-Sothoth",
        "address": "mailto:all_seeing_spheres@miskatonic.edu"
      },
      "state": {
        "69f54f2e9f4568f7df4a4c3b07e4cbda4ba3bba7913c5218add6dea891817a80ce829b877d7a84ce47f93cbad8aa522bf7dd8eda2778e16bdf3c47cf49ee3bdf": [
          "my_content/poe.txt"
        ]
      }
    },
    "v2": {
      "created": "2020-01-02T03:03:03Z",
      "message": "Second version",
      "user": {
        "name": "Yog-Sothoth",
        "address": "mailto:all_seeing_spheres@miskatonic.edu"
      },
      "state": {
        "69f54f2e9f4568f7df4a4c3b07e4cbda4ba3bba7913c5218add6dea891817a80ce829b877d7a84ce47f93cbad8aa522bf7dd8eda2778e16bdf3c47cf49ee3bdf": [
          "my_content/poe-nevermore.txt"
        ]
      }
    }
  }
}
