{
  "digestAlgorithm": "sha512",
  "head": "v1",
  "id": "ark:123/abc",
  "manifest": {
    "43a43fe8a8a082d3b5343dfaf2fd0c8b8e370675b1f376e92e9994612c33ea255b11298269d72f797399ebb94edeefe53df243643676548f584fb8603ca53a0f": [
      "v1/content/a_file.txt"
    ]
  },
  "type": "https://ocfl.io/1.0/spec/#inventory",
  "versions": {
    "v1": {
      "created": "2019-01-01T02:03:04Z",
      "message": "An version with one file",
      "state": {
        "43a43fe8a8a082d3b5343dfaf2fd0c8b8e370675b1f376e92e9994612c33ea255b11298269d72f797399ebb94edeefe53df243643676548f584fb8603ca53a0f": [
          "a_file.txt"
        ]
      },
      "user": {
        "address": "mailto:a_person@example.org",
        "name": "A Person"
      }
    }
  }
}
